,age,sex,cp,trestbps,chol,fbs,restecg,thalach,exang,oldpeak,slope,ca,thal,target
count,303.0,303.0,303.0,303.0,303.0,303.0,303.0,303.0,303.0,303.0,303.0,303.0,303.0,303.0
mean,54.366336633663366,0.6831683168316832,0.966996699669967,131.62376237623764,246.26402640264027,0.1485148514851485,0.528052805280528,149.64686468646866,0.32673267326732675,1.0396039603960396,1.3993399339933994,0.7293729372937293,2.3135313531353137,0.5445544554455446
std,9.082100989837858,0.4660108233396251,1.0320524894832992,17.53814281351709,51.830750987930045,0.35619787492797594,0.525859596359298,22.905161114914087,0.46979446452231716,1.1610750220686343,0.6162261453459631,1.0226063649693276,0.6122765072781412,0.4988347841643926
min,29.0,0.0,0.0,94.0,126.0,0.0,0.0,71.0,0.0,0.0,0.0,0.0,0.0,0.0
25%,47.5,0.0,0.0,120.0,211.0,0.0,0.0,133.5,0.0,0.0,1.0,0.0,2.0,0.0
50%,55.0,1.0,1.0,130.0,240.0,0.0,1.0,153.0,0.0,0.8,1.0,0.0,2.0,1.0
75%,61.0,1.0,2.0,140.0,274.5,0.0,1.0,166.0,1.0,1.6,2.0,1.0,3.0,1.0
max,77.0,1.0,3.0,200.0,564.0,1.0,2.0,202.0,1.0,6.2,2.0,4.0,3.0,1.0
