,Model,Training Accuracy %,Testing Accuracy %,f1 test %,f1 train %,Precision test %,Precision train %,Recall test %,Recall train %
0,Random forest,98.11320754716981,81.31868131868131,82.82828282828282,82.82828282828282,83.6734693877551,83.6734693877551,82.0,98.26086956521739
1,KNN,84.43396226415094,89.01098901098901,90.38461538461539,90.38461538461539,87.03703703703704,87.03703703703704,94.0,90.43478260869566
2,Decision tree,85.37735849056604,85.37735849056604,85.99999999999999,85.99999999999999,86.0,86.0,86.0,90.43478260869566
3,Logistic Regression,86.79245283018868,85.71428571428571,87.37864077669903,87.37864077669903,84.90566037735849,84.90566037735849,90.0,90.43478260869566
4,xgboost,90.56603773584906,83.51648351648352,84.84848484848484,84.84848484848484,85.71428571428571,85.71428571428571,84.0,92.17391304347827
5,Voting classfier,88.20754716981132,84.61538461538461,86.27450980392156,86.27450980392156,84.61538461538461,84.61538461538461,88.0,89.56521739130436
