,Model,Testing Accuracy %,f1 test %,Precision test %,Recall test %
0,Random forest,85.71428571428571,87.12871287128714,86.27450980392157,88.0
1,KNN,89.01098901098901,90.38461538461539,87.03703703703704,94.0
2,Decision tree,85.37735849056604,85.99999999999999,86.0,86.0
3,Logistic Regression,85.71428571428571,87.37864077669903,84.90566037735849,90.0
4,SVM,86.81318681318682,88.0,88.0,88.0
5,xgboost,83.51648351648352,84.84848484848484,85.71428571428571,84.0
6,Voting classfier,83.51648351648352,85.14851485148515,84.31372549019608,84.31372549019608
