,Model,Testing Accuracy %,f1 test %,Precision test %,Recall test %
0,Random forest,82.41758241758241,83.99999999999999,84.0,84.0
1,KNN,89.01098901098901,90.38461538461539,87.03703703703704,94.0
2,Decision tree,85.84905660377359,83.33333333333333,86.95652173913044,80.0
3,Logistic Regression,85.71428571428571,87.37864077669903,84.90566037735849,90.0
4,SVM,86.81318681318682,88.0,88.0,88.0
5,xgboost,83.51648351648352,84.84848484848484,85.71428571428571,84.0
6,Voting classfier,83.51648351648352,85.14851485148515,84.31372549019608,84.31372549019608
